997.085585784959,1006.448210292015,985.2233249370419,29.434619865383194,-42,Safe
998.9709405587735,1018.451275221353,985.4734902573483,41.60991911957334,-40,Safe
994.0865009223578,1008.9643204791734,978.2806345829401,91.12868394328946,-44,Safe
995.8794851767176,1004.0164341284459,985.9051678533793,31.80100415571876,-40,Safe
995.1853881394624,1010.5112567408638,982.9211565532609,53.74323370769184,-38,Safe
989.9336427570017,1016.0049212479239,976.918113252078,94.68293785318357,-37,Safe
992.1231060004169,1010.1534536890917,981.1641045207473,49.692540085332425,-37,Safe
989.0576838949906,1004.0682247735957,980.7288106301354,37.547928276945306,-35,Safe
985.8905821044782,1037.0390542308423,969.501418255796,169.56011769300798,-37,Safe
984.579083715613,999.9504987748144,967.4905684294808,62.42790972395922,-37,Safe
986.2473170652354,1006.6076693528616,974.5398914359535,53.079581625113235,-37,Safe
981.4080401612202,995.9051159623591,968.4033250665758,72.55870691277464,-37,Safe
984.618648685426,1001.1453440934538,969.1547863989529,71.21666088561739,-50,Safe
978.936609514971,990.2307811818415,970.0608228353519,26.26455133355961,-52,Safe
984.3626531963679,1002.7591934258195,973.9912730615198,52.36699220741214,-47,Safe
982.5628289500455,997.0320957722474,969.0933907524084,45.237165683584045,-52,Safe
982.7450403180417,999.5268880825568,974.1873536440513,32.785730290268866,-52,Safe
978.4301399134856,993.7268236291098,965.3657338024797,70.46130887713842,-55,Safe
984.2424504262668,1002.745231851042,971.0190523362556,69.59877889752948,-49,Safe
984.2279160300035,1005.1034772599287,974.137567287085,82.95930723634544,-53,Safe
981.7851235645628,999.7924784674068,971.8328045502477,39.62114731586398,-56,Safe
983.7456042061207,1000.2214754743071,969.9221618253704,52.83620513444238,-49,Safe
981.7019809339654,992.635381194928,962.5897360765904,48.12063032861257,-46,Safe
981.8099771590538,1001.7469740408503,960.3114078256074,86.51875093830003,-47,Safe
982.3641125028813,1001.2896683777377,962.9652122480853,84.00046642633984,-49,Safe
982.1533137466533,999.4498486667553,957.1478464688723,113.81829646792565,-49,Safe
983.3278883204873,993.4706840163931,971.1961696794319,28.714051170848716,-49,Safe
981.8218671469267,998.6415773439437,965.4584403277025,105.42119212252271,-50,Safe
981.941132797898,994.9341686765009,967.6678149034409,56.21171958076138,-59,Safe
977.1463995175761,991.9122945099531,961.2044527570604,64.16390983788753,-53,Safe
980.7865811971993,992.7064017120067,972.6114332044426,31.432143509545465,-52,Safe
980.9173993015617,995.466222430475,964.4117377966736,74.55574746061612,-57,Safe
983.7727015321137,997.7599911802437,971.5333241839932,56.42172020672776,-52,Safe
979.4086707986368,989.840896306068,965.4268486011771,47.70556444763925,-54,Safe
980.4708308463833,999.945498514794,967.6657480762663,48.39985940263179,-51,Safe
980.4973090725338,990.5644855333751,971.9866254223872,27.926901519989997,-50,Safe
979.9891610181727,996.4406655692048,967.6678149034409,54.994286898147344,-56,Safe
981.0895920528474,995.6811738704313,968.6433812296453,46.56236557729942,-50,Safe
979.779977448098,991.2017958014402,964.8336644209716,52.29579180432252,-49,Safe
982.2190297023099,1001.2856735217977,969.0505662760845,79.12769065302236,-50,Safe
979.241792044429,995.466222430475,963.1894932981776,85.71271361524073,-50,Safe
983.6341701491049,995.2979453409919,971.8024490605073,61.7693150815568,-59,Safe
980.6999018376935,991.1311719444607,966.2489327290355,49.75253553871429,-61,Safe
982.6786488133743,995.3280866126505,975.953380034108,24.123166321307867,-60,Safe
977.349100932826,992.635381194928,967.2279979405063,36.13490579678532,-40,Safe
978.5269703674551,992.2121748900282,969.1635568881034,37.21826348974806,-52,Safe
979.4338116132585,1000.6447921215599,967.2528107997413,59.70866872416271,-40,Safe
974.7237548530615,984.5293291720669,963.710018625935,39.00172514919177,-38,Safe
977.9101641936859,986.5779239370806,966.052793588425,28.260766678217124,-38,Safe
979.4460785877187,988.1548461653164,968.4962570913735,31.67913914047453,-39,Safe
978.7771777205073,992.2262846750231,965.8560969419824,54.536373478313955,-38,Safe
977.0617580898295,992.7849716831938,965.6184546703735,41.72087841120499,-51,Safe
981.0354199713368,1000.8965980559631,933.8966752269761,261.30476166306266,-55,Suspicious
920.3065375716794,1563.359843414177,598.5256886717561,49984.07690282693,-54,Suspicious
885.4628037598826,1394.462261949028,443.9617100606763,77317.72315768756,-47,Suspicious
1074.172565357717,1154.690001688765,1000.6562846452322,2831.199832821589,-56,Suspicious
971.5301229436376,984.965989260543,957.1671745311787,69.27021312004969,-49,Suspicious
898.4350753080378,1150.128253717819,596.7930964748168,16865.665456240407,-46,Suspicious
905.2402603255072,1037.4699995662525,628.6978606612241,15677.771085807948,-51,Suspicious
1091.9377798098903,1155.7205544594246,1050.7563942227523,840.7850238467927,-45,Suspicious
941.9749088774295,1011.935274609992,896.0273433327802,691.1710453587082,-60,Suspicious
937.598810812258,1013.88214305214,885.490259686689,1039.2699634397723,-47,Suspicious
928.1639495456502,1101.5670655933754,875.0331422294815,3481.7827638196154,-47,Suspicious
954.2590150856129,1030.3227649625142,907.5819522224976,612.5321278360503,-54,Suspicious
1159.039810799426,1367.2519884790806,1080.7233688599501,5267.766982030762,-48,Suspicious
1205.5968039244867,1326.9024078657783,1033.1974641858158,10898.896367062362,-49,Suspicious
955.1992407221654,972.3358473284835,932.2027676423194,89.96052379866322,-56,Suspicious
1074.8477804747263,1108.9490520307954,1046.8705746175121,210.64880855467905,-50,Suspicious
1010.3591121421166,1094.965752889103,910.1939353786094,4906.664511394172,-51,Suspicious
933.5026902653292,960.2390327413274,904.4478978913047,143.27726739307803,-47,Suspicious
948.8582604361003,971.1364476735491,930.3644447204547,81.90160217747511,-52,Suspicious
956.0906773919236,982.089608946149,936.4069628105079,125.81660425260596,-51,Suspicious
952.7314145228736,979.6514686356571,918.7279249048654,182.0017812447122,-54,Suspicious
948.0308274221021,960.081767351094,927.571560581716,65.3002573646358,-50,Suspicious
969.6411002077955,987.2173013070628,957.8726428915277,60.63678781602478,-49,Suspicious
969.9314419343852,980.3172955732241,954.304458755171,42.99794708407562,-48,Suspicious
950.1306628235172,986.0314396610282,907.6904758782038,510.07356254386906,-48,Suspicious
962.8725283931914,997.6021250979771,942.5062334011378,172.14406570306636,-48,Suspicious
1002.0701532639756,1025.969785130147,975.4921834643269,198.5079375121879,-46,Suspicious
988.3520309760906,1004.9686562276457,974.7179079097706,48.362865436733,-46,Suspicious
988.5273575909459,1007.2700730191481,973.8844900705627,68.11329426194008,-45,Suspicious
936.5473461377029,967.9065037491999,916.8380445858472,170.96844242590942,-47,Suspicious
919.0687322700909,957.9629429158521,885.0638395053771,526.6153634482528,-46,Suspicious
924.5840493045791,947.2011402020164,889.9353909132955,205.08577154768426,-47,Suspicious
897.8840889944373,944.0609090519531,861.3297858544078,669.7627306294356,-47,Suspicious
992.3283235211733,1033.7107912757804,910.6091367870191,1099.7983376570858,-48,Suspicious
1016.1511490316849,1043.0445819810388,974.4911492671445,373.9923215867494,-52,Suspicious
1008.7347484557522,1024.1313392334011,984.3561347398613,97.2072579108507,-52,Suspicious
1045.070996460783,1062.8132479415187,1032.7487593795502,41.062356465857974,-51,Suspicious
1039.0150949892027,1065.8724126273275,1017.680696485887,133.8823845775905,-49,Suspicious
1111.1404937415557,1126.5123168434511,1098.6978656573426,43.1531677723655,-51,Suspicious
1107.7956373137536,1148.6030645962946,1065.8353531385605,670.1759486145535,-50,Suspicious
1089.9937848383447,1106.096288756092,1074.7734645031016,79.34901378017186,-52,Suspicious
1082.375444982876,1102.826822307111,1056.8978190913253,154.59609812187864,-51,Suspicious
1043.6023837142345,1084.0175275335728,1022.9765393204284,277.8647059678944,-50,Suspicious
1011.4138694893993,1028.2169031872604,988.80938506873,121.28460448026036,-54,Suspicious
994.2836492799048,1007.4978908166507,977.5111252563829,60.574774635226916,-49,Suspicious
1024.9456653924951,1054.7440447805334,1006.2847509527311,128.8329931354221,-54,Suspicious
943.2666728444183,958.3496230499597,927.4060599327568,54.63390102079277,-54,Suspicious
936.3241165530462,947.49828495887,924.8270108512186,32.148761157779035,-55,Suspicious
928.3877821979331,945.7764006360065,917.8660032924196,46.675865602934756,-57,Suspicious
925.1816509070308,945.0021163997465,909.2227449860677,68.56282494096274,-60,Suspicious
1065.2008046372198,1174.0843240585405,926.9309575151755,7643.245800219376,-56,Suspicious
1110.7625578200034,1125.1395469007389,1099.5462700587002,44.390145164124924,-58,Suspicious
1107.6968272928548,1124.4033973623523,1070.0186914255282,191.68880534372275,-58,Suspicious
1128.7255633123195,1139.2861800267744,1102.0036297580875,79.95272528719487,-57,Suspicious
944.1949506598561,1034.093806189748,797.3318004444574,1696.245148431683,-45,Threat
1382.2853962464944,1467.1172413955198,1237.5580794451628,4086.433323672068,-53,Threat
1725.0294777194908,1826.1998795312632,1486.9431730903505,11387.80099882027,-54,Threat
10686.045750155617,22769.051912629126,1022.8988219760545,72195576.82558107,-52,Threat
2206.947882830078,2835.9686175978745,1764.890081563155,109514.99247183632,-51,Threat
2394.716052928458,3613.8836450555514,1406.7398480173938,374142.3758467455,-54,Threat
2401.0332803512497,4325.733463818593,1637.8452307834218,783429.4866457169,-48,Threat
2108.9549389210697,2807.3881099698347,1776.1204914081702,145444.26560042708,-43,Threat
2880.6880422280387,4077.0892803567594,1799.294028223292,586080.1533643876,-44,Threat
3442.0047984676858,4861.322968081837,2749.2911813774836,408778.96732542606,-53,Threat
2983.3079046419903,4055.1395783622543,1974.6121138086842,276731.49610061565,-46,Threat
1477.4333274763417,2130.0953030322376,1068.1072043573154,100823.71286218517,-38,Threat
2404.491972698356,3944.91685590457,1358.524567315586,967690.3532291703,-38,Threat
1338.0858847499762,1581.0910789704685,1253.288873324901,7553.565032873434,-35,Threat
3344.848444434311,4425.240897397564,1705.845245032503,669017.0337653649,-36,Threat
3362.5378565733604,3703.9504586319727,2849.946841609506,59471.663111030924,-41,Threat
2475.447119844931,2911.5418595651345,2095.7736041853377,106992.20685143473,-50,Threat
1560.7902590091774,1922.6632570473696,1248.629248416038,32297.91738206523,-51,Threat
1569.357637947705,1804.8836527599224,1439.228960242254,10327.604215199563,-43,Threat
2106.8339004232503,3217.7863508940427,1237.2117846189471,277393.6160273539,-43,Threat
4344.381560867384,8436.659113653935,1038.4632877478143,6271600.2035954725,-47,Threat
6522.883562139886,7653.487113727964,4746.501027072469,1344453.0847652864,-39,Threat
2791.083481077897,5049.237863281943,471.403224426817,3563808.501654087,-42,Threat
1057.5772432052167,1317.540132216093,810.364115691212,21293.22465445381,-40,Threat
1223.9397038491934,1439.7697732623783,1082.9736838907952,6526.551341548614,-39,Threat
1350.4640137228214,1710.9193435109676,1053.7518683257458,57854.09763964793,-43,Threat
1211.6233201532764,1311.7385410210375,1106.369739282488,3050.9300607519044,-54,Threat
1477.3665359017907,1770.451354881009,1181.9213171780937,27111.46859754302,-54,Threat
1015.7666329198166,1666.0351136755792,603.571039729376,133099.29744673843,-53,Threat
780.0757712522334,842.5853072538115,680.6864182573353,1107.5911052333,-57,Threat
1053.575332479454,1306.5657273937657,807.7728641146595,22288.418790808264,-54,Threat
1252.8222174515706,1594.0332493395488,1025.7914017966812,37959.5414597294,-46,Threat
996.1942241978616,1078.6774309310454,948.4123575744889,1658.4176748210532,-47,Threat
1116.4856201329958,2190.7845626624267,920.8240874347282,105316.11003623917,-44,Threat
2473.26546673561,3308.4807691748792,2036.4650745838976,133195.6310530855,-47,Threat
2251.5354367256837,3628.2488889269985,1409.2561867879097,345310.2771684848,-49,Threat
2056.724870065917,2663.7818979788867,1763.8721609005568,72459.85885233612,-44,Threat
1409.7800401180184,1652.6357735447941,633.513220067269,54007.93848483857,-36,Threat
3022.481712367145,3841.4135419139657,1767.888288325934,380241.74840616895,-43,Threat
12665.065977238244,26820.58985182839,4595.401832266684,46299430.84220226,-43,Threat
5488.075997764221,9200.12076007701,3719.637213492735,1801274.1427642584,-43,Threat
18772.65888819733,21746.185734514456,10506.992100501457,6980831.16738583,-45,Threat
11699.28663262416,21740.328838359368,8442.206642815609,15290786.98770163,-42,Threat
8196.21057041886,13186.823499235894,4560.571236150138,8917914.035354137,-44,Threat
2818.4833550967887,8448.049715762805,1110.627750418654,5671463.327042351,-39,Threat
1336.5677338335195,1383.6852965902326,1292.1335070340062,643.792875130976,-42,Threat
1302.8693425789593,1414.0982992705988,1210.8179053846206,2342.8261678705935,-47,Threat
1590.4397663340733,4482.790314078944,906.3829212865829,700348.4496632178,-48,Threat
5481.109107770867,6972.520491185379,4431.913469371892,733553.5487112517,-43,Threat
3374.359054842411,3499.1280342393875,3222.663184386479,7322.669003033732,-44,Threat
797.2685466100079,812.3484474041912,782.0927055023592,60.51458636584132,-42,Safe
796.6232388795496,815.1576534634266,781.4057844679677,80.01527705585849,-41,Safe
793.253884312815,802.484890823497,776.9131225561839,43.375022631135565,-40,Safe
791.198560421949,805.2117733863558,781.9136781000828,21.03798623539631,-41,Safe
792.439834885094,800.0556230662966,782.2058552580644,27.758087284938274,-42,Safe
792.8526854239548,811.465957388232,779.8647318605964,62.36921602337945,-41,Safe
793.2325219656277,806.5649384891461,779.612083025911,40.86609604999897,-42,Safe
793.633172428053,805.9689820334279,774.9122530970845,74.28762178433804,-41,Safe
794.7358414172112,826.8282772135941,781.9520445653941,102.69236687735126,-42,Safe
796.2051865177609,811.8990084979781,785.5832228351112,49.55096221760433,-41,Safe
793.0794432830144,811.5879496394707,774.8277227874594,88.34664190406336,-43,Safe
794.8864981490389,803.1456903949619,782.6531798951564,31.805060357966823,-42,Safe
790.2575854822718,802.3035585113654,777.8585989754179,36.34858772993756,-44,Safe
793.5668924335827,812.6579846405251,768.3508313264196,101.18723330657278,-44,Safe
794.0966669782216,812.4813844021289,763.1677404083587,115.13349407938502,-43,Safe
794.2854139061225,808.8127100880648,779.9096101472272,52.58125597979724,-41,Safe
791.1759204334772,801.2115825423394,771.5866769197094,41.412926240111275,-34,Safe
796.9839984463165,818.531001245524,783.9604581865083,42.1062205216045,-41,Safe
791.2076132739128,806.4322662195506,775.8898117645314,54.1126973986263,-42,Safe
795.1431463755683,805.1887977362825,784.9980891696489,32.476771961593236,-36,Safe
791.5105901188283,802.4425213060434,781.888099410651,34.78572974428453,-31,Safe
795.3619305036302,812.585995449097,782.1061309055185,55.0495055385496,-35,Safe
795.3288920226994,811.7197792341886,781.6994307276934,75.25351394535923,-33,Safe
793.7154608337607,805.648186245088,781.007682420602,39.31723345088045,-37,Safe
793.2369648887607,806.7366360839205,778.3148463186347,57.21753406716567,-32,Safe
793.9234254209933,804.9155235178409,782.8703596381715,44.094567796567425,-37,Safe
795.5053035814478,811.8965451336765,776.8526243760782,74.71197378853108,-40,Safe
796.2051711986162,809.7147645930634,781.4045047221061,51.02535658241864,-33,Safe
794.0387950861827,813.4310050643509,778.2763005514173,73.54189808308043,-38,Safe
796.8374847270624,809.3262630114014,783.3479431261692,41.62293384879079,-40,Safe
795.2267852825181,815.7775432064798,784.7961518763965,46.359969231889096,-42,Safe
794.9862099648456,806.20965015311,784.4137938613777,38.02596573058141,-39,Safe
793.9916504067128,807.0675312512578,780.3569695978886,57.70908442428167,-39,Safe
793.6272024628387,816.6008817041529,780.0673047885035,65.71351100843646,-41,Safe
795.1520493158414,812.6118384567136,777.8463858629158,70.86846881786812,-42,Safe
796.1827654865334,804.0702705609752,786.7083322299313,26.45394221572762,-43,Safe
794.7018950213168,805.4774981338709,782.8409800208469,32.098049527989225,-44,Safe
797.2754905880538,816.1550097867439,782.3151538862072,84.44210757814395,-45,Safe
795.8911293224097,806.4663663166617,784.2907624089423,35.960265899334615,-45,Safe
795.1484290984712,807.4602157382121,784.4099693400129,41.075702233530066,-45,Safe
795.2806435366248,812.065268312837,776.3311149245533,67.49801597191626,-38,Safe
796.5211289781289,808.4361446644998,779.495349569194,39.641091406908146,-41,Safe
798.9015131255396,811.9162518388212,782.3880111555902,63.2223257230696,-46,Safe
796.0108207033708,813.8273772735837,772.9715389327087,93.82332314613848,-50,Safe
799.388291193562,813.5361086024393,789.2642143160932,48.60990263677853,-45,Safe
798.7102143250469,809.8326987717895,788.9030358668929,36.493532837653966,-44,Safe
793.290595654635,803.7866632384491,779.8493444249344,51.18084591430374,-40,Safe
797.3988386753867,809.4275755124729,788.1674948892526,40.892079144598384,-39,Safe
798.5430415515373,814.2444350439247,786.7934926014576,61.960789619762295,-41,Safe
796.1792063303691,805.2117733863558,783.2636848469358,38.57140714353521,-36,Safe
